time,cost (€/MWh),cost (€/kWh)
2023-07-10 00:00:00+02:00,0.000324219,0.324219
2023-07-10 00:15:00+02:00,0.000324219,0.324219
2023-07-10 00:30:00+02:00,0.000324219,0.324219
2023-07-10 00:45:00+02:00,0.000324219,0.324219
2023-07-10 01:00:00+02:00,0.000311079,0.311079
2023-07-10 01:15:00+02:00,0.000311079,0.311079
2023-07-10 01:30:00+02:00,0.000311079,0.311079
2023-07-10 01:45:00+02:00,0.000311079,0.311079
2023-07-10 02:00:00+02:00,0.000301433,0.301433
2023-07-10 02:15:00+02:00,0.000301433,0.301433
2023-07-10 02:30:00+02:00,0.000301433,0.301433
2023-07-10 02:45:00+02:00,0.000301433,0.301433
2023-07-10 03:00:00+02:00,0.000298477,0.298477
2023-07-10 03:15:00+02:00,0.000298477,0.298477
2023-07-10 03:30:00+02:00,0.000298477,0.298477
2023-07-10 03:45:00+02:00,0.000298477,0.298477
2023-07-10 04:00:00+02:00,0.000300193,0.300193
2023-07-10 04:15:00+02:00,0.000300193,0.300193
2023-07-10 04:30:00+02:00,0.000300193,0.300193
2023-07-10 04:45:00+02:00,0.000300193,0.300193
2023-07-10 05:00:00+02:00,0.000315012,0.315012
2023-07-10 05:15:00+02:00,0.000315012,0.315012
2023-07-10 05:30:00+02:00,0.000315012,0.315012
2023-07-10 05:45:00+02:00,0.000315012,0.315012
2023-07-10 06:00:00+02:00,0.000335718,0.335718
2023-07-10 06:15:00+02:00,0.000335718,0.335718
2023-07-10 06:30:00+02:00,0.000335718,0.335718
2023-07-10 06:45:00+02:00,0.000335718,0.335718
2023-07-10 07:00:00+02:00,0.000349635,0.349635
2023-07-10 07:15:00+02:00,0.000349635,0.349635
2023-07-10 07:30:00+02:00,0.000349635,0.349635
2023-07-10 07:45:00+02:00,0.000349635,0.349635
2023-07-10 08:00:00+02:00,0.000351501,0.351501
2023-07-10 08:15:00+02:00,0.000351501,0.351501
2023-07-10 08:30:00+02:00,0.000351501,0.351501
2023-07-10 08:45:00+02:00,0.000351501,0.351501
2023-07-10 09:00:00+02:00,0.000331058,0.331058
2023-07-10 09:15:00+02:00,0.000331058,0.331058
2023-07-10 09:30:00+02:00,0.000331058,0.331058
2023-07-10 09:45:00+02:00,0.000331058,0.331058
2023-07-10 10:00:00+02:00,0.000315187,0.315187
2023-07-10 10:15:00+02:00,0.000315187,0.315187
2023-07-10 10:30:00+02:00,0.000315187,0.315187
2023-07-10 10:45:00+02:00,0.000315187,0.315187
2023-07-10 11:00:00+02:00,0.000302298,0.302298
2023-07-10 11:15:00+02:00,0.000302298,0.302298
2023-07-10 11:30:00+02:00,0.000302298,0.302298
2023-07-10 11:45:00+02:00,0.000302298,0.302298
2023-07-10 12:00:00+02:00,0.000295082,0.295082
2023-07-10 12:15:00+02:00,0.000295082,0.295082
2023-07-10 12:30:00+02:00,0.000295082,0.295082
2023-07-10 12:45:00+02:00,0.000295082,0.295082
2023-07-10 13:00:00+02:00,0.000283721,0.283721
2023-07-10 13:15:00+02:00,0.000283721,0.283721
2023-07-10 13:30:00+02:00,0.000283721,0.283721
2023-07-10 13:45:00+02:00,0.000283721,0.283721
2023-07-10 14:00:00+02:00,0.000276606,0.276606
2023-07-10 14:15:00+02:00,0.000276606,0.276606
2023-07-10 14:30:00+02:00,0.000276606,0.276606
2023-07-10 14:45:00+02:00,0.000276606,0.276606
2023-07-10 15:00:00+02:00,0.000273775,0.273775
2023-07-10 15:15:00+02:00,0.000273775,0.273775
2023-07-10 15:30:00+02:00,0.000273775,0.273775
2023-07-10 15:45:00+02:00,0.000273775,0.273775
2023-07-10 16:00:00+02:00,0.000285349,0.285349
2023-07-10 16:15:00+02:00,0.000285349,0.285349
2023-07-10 16:30:00+02:00,0.000285349,0.285349
2023-07-10 16:45:00+02:00,0.000285349,0.285349
2023-07-10 17:00:00+02:00,0.000297475,0.297475
2023-07-10 17:15:00+02:00,0.000297475,0.297475
2023-07-10 17:30:00+02:00,0.000297475,0.297475
2023-07-10 17:45:00+02:00,0.000297475,0.297475
2023-07-10 18:00:00+02:00,0.00033697,0.33697
2023-07-10 18:15:00+02:00,0.00033697,0.33697
2023-07-10 18:30:00+02:00,0.00033697,0.33697
2023-07-10 18:45:00+02:00,0.00033697,0.33697
2023-07-10 19:00:00+02:00,0.000390608,0.390608
2023-07-10 19:15:00+02:00,0.000390608,0.390608
2023-07-10 19:30:00+02:00,0.000390608,0.390608
2023-07-10 19:45:00+02:00,0.000390608,0.390608
2023-07-10 20:00:00+02:00,0.000403786,0.403786
2023-07-10 20:15:00+02:00,0.000403786,0.403786
2023-07-10 20:30:00+02:00,0.000403786,0.403786
2023-07-10 20:45:00+02:00,0.000403786,0.403786
2023-07-10 21:00:00+02:00,0.000408871,0.408871
2023-07-10 21:15:00+02:00,0.000408871,0.408871
2023-07-10 21:30:00+02:00,0.000408871,0.408871
2023-07-10 21:45:00+02:00,0.000408871,0.408871
2023-07-10 22:00:00+02:00,0.000387389,0.387389
2023-07-10 22:15:00+02:00,0.000387389,0.387389
2023-07-10 22:30:00+02:00,0.000387389,0.387389
2023-07-10 22:45:00+02:00,0.000387389,0.387389
2023-07-10 23:00:00+02:00,0.000350787,0.350787
2023-07-10 23:15:00+02:00,0.000350787,0.350787
2023-07-10 23:30:00+02:00,0.000350787,0.350787
2023-07-10 23:45:00+02:00,0.000350787,0.350787
2023-07-11 00:00:00+02:00,0.00033915,0.33915
2023-07-11 00:15:00+02:00,0.00033915,0.33915
2023-07-11 00:30:00+02:00,0.00033915,0.33915
2023-07-11 00:45:00+02:00,0.00033915,0.33915
2023-07-11 01:00:00+02:00,0.00032829,0.32829
2023-07-11 01:15:00+02:00,0.00032829,0.32829
2023-07-11 01:30:00+02:00,0.00032829,0.32829
2023-07-11 01:45:00+02:00,0.00032829,0.32829
2023-07-11 02:00:00+02:00,0.0003152,0.3152
2023-07-11 02:15:00+02:00,0.0003152,0.3152
2023-07-11 02:30:00+02:00,0.0003152,0.3152
2023-07-11 02:45:00+02:00,0.0003152,0.3152
2023-07-11 03:00:00+02:00,0.000309425,0.309425
2023-07-11 03:15:00+02:00,0.000309425,0.309425
2023-07-11 03:30:00+02:00,0.000309425,0.309425
2023-07-11 03:45:00+02:00,0.000309425,0.309425
2023-07-11 04:00:00+02:00,0.000308197,0.308197
2023-07-11 04:15:00+02:00,0.000308197,0.308197
2023-07-11 04:30:00+02:00,0.000308197,0.308197
2023-07-11 04:45:00+02:00,0.000308197,0.308197
2023-07-11 05:00:00+02:00,0.000324532,0.324532
2023-07-11 05:15:00+02:00,0.000324532,0.324532
2023-07-11 05:30:00+02:00,0.000324532,0.324532
2023-07-11 05:45:00+02:00,0.000324532,0.324532
2023-07-11 06:00:00+02:00,0.000338073,0.338073
2023-07-11 06:15:00+02:00,0.000338073,0.338073
2023-07-11 06:30:00+02:00,0.000338073,0.338073
2023-07-11 06:45:00+02:00,0.000338073,0.338073
2023-07-11 07:00:00+02:00,0.000340378,0.340378
2023-07-11 07:15:00+02:00,0.000340378,0.340378
2023-07-11 07:30:00+02:00,0.000340378,0.340378
2023-07-11 07:45:00+02:00,0.000340378,0.340378
2023-07-11 08:00:00+02:00,0.000334816,0.334816
2023-07-11 08:15:00+02:00,0.000334816,0.334816
2023-07-11 08:30:00+02:00,0.000334816,0.334816
2023-07-11 08:45:00+02:00,0.000334816,0.334816
2023-07-11 09:00:00+02:00,0.000314962,0.314962
2023-07-11 09:15:00+02:00,0.000314962,0.314962
2023-07-11 09:30:00+02:00,0.000314962,0.314962
2023-07-11 09:45:00+02:00,0.000314962,0.314962
2023-07-11 10:00:00+02:00,0.000300832,0.300832
2023-07-11 10:15:00+02:00,0.000300832,0.300832
2023-07-11 10:30:00+02:00,0.000300832,0.300832
2023-07-11 10:45:00+02:00,0.000300832,0.300832
2023-07-11 11:00:00+02:00,0.000284886,0.284886
2023-07-11 11:15:00+02:00,0.000284886,0.284886
2023-07-11 11:30:00+02:00,0.000284886,0.284886
2023-07-11 11:45:00+02:00,0.000284886,0.284886
2023-07-11 12:00:00+02:00,0.000255662,0.255662
2023-07-11 12:15:00+02:00,0.000255662,0.255662
2023-07-11 12:30:00+02:00,0.000255662,0.255662
2023-07-11 12:45:00+02:00,0.000255662,0.255662
2023-07-11 13:00:00+02:00,0.00024142,0.24142
2023-07-11 13:15:00+02:00,0.00024142,0.24142
2023-07-11 13:30:00+02:00,0.00024142,0.24142
2023-07-11 13:45:00+02:00,0.00024142,0.24142
2023-07-11 14:00:00+02:00,0.000242672,0.242672
2023-07-11 14:15:00+02:00,0.000242672,0.242672
2023-07-11 14:30:00+02:00,0.000242672,0.242672
2023-07-11 14:45:00+02:00,0.000242672,0.242672
2023-07-11 15:00:00+02:00,0.000266798,0.266798
2023-07-11 15:15:00+02:00,0.000266798,0.266798
2023-07-11 15:30:00+02:00,0.000266798,0.266798
2023-07-11 15:45:00+02:00,0.000266798,0.266798
2023-07-11 16:00:00+02:00,0.000293817,0.293817
2023-07-11 16:15:00+02:00,0.000293817,0.293817
2023-07-11 16:30:00+02:00,0.000293817,0.293817
2023-07-11 16:45:00+02:00,0.000293817,0.293817
2023-07-11 17:00:00+02:00,0.000302824,0.302824
2023-07-11 17:15:00+02:00,0.000302824,0.302824
2023-07-11 17:30:00+02:00,0.000302824,0.302824
2023-07-11 17:45:00+02:00,0.000302824,0.302824
2023-07-11 18:00:00+02:00,0.000335605,0.335605
2023-07-11 18:15:00+02:00,0.000335605,0.335605
2023-07-11 18:30:00+02:00,0.000335605,0.335605
2023-07-11 18:45:00+02:00,0.000335605,0.335605
2023-07-11 19:00:00+02:00,0.000398775,0.398775
2023-07-11 19:15:00+02:00,0.000398775,0.398775
2023-07-11 19:30:00+02:00,0.000398775,0.398775
2023-07-11 19:45:00+02:00,0.000398775,0.398775
2023-07-11 20:00:00+02:00,0.000410024,0.410024
2023-07-11 20:15:00+02:00,0.000410024,0.410024
2023-07-11 20:30:00+02:00,0.000410024,0.410024
2023-07-11 20:45:00+02:00,0.000410024,0.410024
2023-07-11 21:00:00+02:00,0.000352415,0.352415
2023-07-11 21:15:00+02:00,0.000352415,0.352415
2023-07-11 21:30:00+02:00,0.000352415,0.352415
2023-07-11 21:45:00+02:00,0.000352415,0.352415
2023-07-11 22:00:00+02:00,0.000333563,0.333563
2023-07-11 22:15:00+02:00,0.000333563,0.333563
2023-07-11 22:30:00+02:00,0.000333563,0.333563
2023-07-11 22:45:00+02:00,0.000333563,0.333563
2023-07-11 23:00:00+02:00,0.000312557,0.312557
2023-07-11 23:15:00+02:00,0.000312557,0.312557
2023-07-11 23:30:00+02:00,0.000312557,0.312557
2023-07-11 23:45:00+02:00,0.000312557,0.312557
2023-07-12 00:00:00+02:00,0.000306657,0.306657
2023-07-12 00:15:00+02:00,0.000306657,0.306657
2023-07-12 00:30:00+02:00,0.000306657,0.306657
2023-07-12 00:45:00+02:00,0.000306657,0.306657
2023-07-12 01:00:00+02:00,0.0002973,0.2973
2023-07-12 01:15:00+02:00,0.0002973,0.2973
2023-07-12 01:30:00+02:00,0.0002973,0.2973
2023-07-12 01:45:00+02:00,0.0002973,0.2973
2023-07-12 02:00:00+02:00,0.000296047,0.296047
2023-07-12 02:15:00+02:00,0.000296047,0.296047
2023-07-12 02:30:00+02:00,0.000296047,0.296047
2023-07-12 02:45:00+02:00,0.000296047,0.296047
2023-07-12 03:00:00+02:00,0.000286139,0.286139
2023-07-12 03:15:00+02:00,0.000286139,0.286139
2023-07-12 03:30:00+02:00,0.000286139,0.286139
2023-07-12 03:45:00+02:00,0.000286139,0.286139
2023-07-12 04:00:00+02:00,0.000288005,0.288005
2023-07-12 04:15:00+02:00,0.000288005,0.288005
2023-07-12 04:30:00+02:00,0.000288005,0.288005
2023-07-12 04:45:00+02:00,0.000288005,0.288005
2023-07-12 05:00:00+02:00,0.000289947,0.289947
2023-07-12 05:15:00+02:00,0.000289947,0.289947
2023-07-12 05:30:00+02:00,0.000289947,0.289947
2023-07-12 05:45:00+02:00,0.000289947,0.289947
2023-07-12 06:00:00+02:00,0.000311141,0.311141
2023-07-12 06:15:00+02:00,0.000311141,0.311141
2023-07-12 06:30:00+02:00,0.000311141,0.311141
2023-07-12 06:45:00+02:00,0.000311141,0.311141
2023-07-12 07:00:00+02:00,0.000331171,0.331171
2023-07-12 07:15:00+02:00,0.000331171,0.331171
2023-07-12 07:30:00+02:00,0.000331171,0.331171
2023-07-12 07:45:00+02:00,0.000331171,0.331171
2023-07-12 08:00:00+02:00,0.000333626,0.333626
2023-07-12 08:15:00+02:00,0.000333626,0.333626
2023-07-12 08:30:00+02:00,0.000333626,0.333626
2023-07-12 08:45:00+02:00,0.000333626,0.333626
2023-07-12 09:00:00+02:00,0.000314636,0.314636
2023-07-12 09:15:00+02:00,0.000314636,0.314636
2023-07-12 09:30:00+02:00,0.000314636,0.314636
2023-07-12 09:45:00+02:00,0.000314636,0.314636
2023-07-12 10:00:00+02:00,0.000291487,0.291487
2023-07-12 10:15:00+02:00,0.000291487,0.291487
2023-07-12 10:30:00+02:00,0.000291487,0.291487
2023-07-12 10:45:00+02:00,0.000291487,0.291487
2023-07-12 11:00:00+02:00,0.000270706,0.270706
2023-07-12 11:15:00+02:00,0.000270706,0.270706
2023-07-12 11:30:00+02:00,0.000270706,0.270706
2023-07-12 11:45:00+02:00,0.000270706,0.270706
2023-07-12 12:00:00+02:00,0.000203189,0.203189
2023-07-12 12:15:00+02:00,0.000203189,0.203189
2023-07-12 12:30:00+02:00,0.000203189,0.203189
2023-07-12 12:45:00+02:00,0.000203189,0.203189
2023-07-12 13:00:00+02:00,0.000199494,0.199494
2023-07-12 13:15:00+02:00,0.000199494,0.199494
2023-07-12 13:30:00+02:00,0.000199494,0.199494
2023-07-12 13:45:00+02:00,0.000199494,0.199494
2023-07-12 14:00:00+02:00,0.000207523,0.207523
2023-07-12 14:15:00+02:00,0.000207523,0.207523
2023-07-12 14:30:00+02:00,0.000207523,0.207523
2023-07-12 14:45:00+02:00,0.000207523,0.207523
2023-07-12 15:00:00+02:00,0.000217169,0.217169
2023-07-12 15:15:00+02:00,0.000217169,0.217169
2023-07-12 15:30:00+02:00,0.000217169,0.217169
2023-07-12 15:45:00+02:00,0.000217169,0.217169
2023-07-12 16:00:00+02:00,0.000250915,0.250915
2023-07-12 16:15:00+02:00,0.000250915,0.250915
2023-07-12 16:30:00+02:00,0.000250915,0.250915
2023-07-12 16:45:00+02:00,0.000250915,0.250915
2023-07-12 17:00:00+02:00,0.000286677,0.286677
2023-07-12 17:15:00+02:00,0.000286677,0.286677
2023-07-12 17:30:00+02:00,0.000286677,0.286677
2023-07-12 17:45:00+02:00,0.000286677,0.286677
2023-07-12 18:00:00+02:00,0.000307772,0.307772
2023-07-12 18:15:00+02:00,0.000307772,0.307772
2023-07-12 18:30:00+02:00,0.000307772,0.307772
2023-07-12 18:45:00+02:00,0.000307772,0.307772
2023-07-12 19:00:00+02:00,0.000332849,0.332849
2023-07-12 19:15:00+02:00,0.000332849,0.332849
2023-07-12 19:30:00+02:00,0.000332849,0.332849
2023-07-12 19:45:00+02:00,0.000332849,0.332849
2023-07-12 20:00:00+02:00,0.00036652,0.36652
2023-07-12 20:15:00+02:00,0.00036652,0.36652
2023-07-12 20:30:00+02:00,0.00036652,0.36652
2023-07-12 20:45:00+02:00,0.00036652,0.36652
2023-07-12 21:00:00+02:00,0.000373572,0.373572
2023-07-12 21:15:00+02:00,0.000373572,0.373572
2023-07-12 21:30:00+02:00,0.000373572,0.373572
2023-07-12 21:45:00+02:00,0.000373572,0.373572
2023-07-12 22:00:00+02:00,0.000341655,0.341655
2023-07-12 22:15:00+02:00,0.000341655,0.341655
2023-07-12 22:30:00+02:00,0.000341655,0.341655
2023-07-12 22:45:00+02:00,0.000341655,0.341655
2023-07-12 23:00:00+02:00,0.000325997,0.325997
2023-07-12 23:15:00+02:00,0.000325997,0.325997
2023-07-12 23:30:00+02:00,0.000325997,0.325997
2023-07-12 23:45:00+02:00,0.000325997,0.325997
2023-07-13 00:00:00+02:00,0.000314949,0.314949
2023-07-13 00:15:00+02:00,0.000314949,0.314949
2023-07-13 00:30:00+02:00,0.000314949,0.314949
2023-07-13 00:45:00+02:00,0.000314949,0.314949
2023-07-13 01:00:00+02:00,0.000304853,0.304853
2023-07-13 01:15:00+02:00,0.000304853,0.304853
2023-07-13 01:30:00+02:00,0.000304853,0.304853
2023-07-13 01:45:00+02:00,0.000304853,0.304853
2023-07-13 02:00:00+02:00,0.00030236,0.30236
2023-07-13 02:15:00+02:00,0.00030236,0.30236
2023-07-13 02:30:00+02:00,0.00030236,0.30236
2023-07-13 02:45:00+02:00,0.00030236,0.30236
2023-07-13 03:00:00+02:00,0.000298865,0.298865
2023-07-13 03:15:00+02:00,0.000298865,0.298865
2023-07-13 03:30:00+02:00,0.000298865,0.298865
2023-07-13 03:45:00+02:00,0.000298865,0.298865
2023-07-13 04:00:00+02:00,0.000298677,0.298677
2023-07-13 04:15:00+02:00,0.000298677,0.298677
2023-07-13 04:30:00+02:00,0.000298677,0.298677
2023-07-13 04:45:00+02:00,0.000298677,0.298677
2023-07-13 05:00:00+02:00,0.000300594,0.300594
2023-07-13 05:15:00+02:00,0.000300594,0.300594
2023-07-13 05:30:00+02:00,0.000300594,0.300594
2023-07-13 05:45:00+02:00,0.000300594,0.300594
2023-07-13 06:00:00+02:00,0.00031783,0.31783
2023-07-13 06:15:00+02:00,0.00031783,0.31783
2023-07-13 06:30:00+02:00,0.00031783,0.31783
2023-07-13 06:45:00+02:00,0.00031783,0.31783
2023-07-13 07:00:00+02:00,0.000336494,0.336494
2023-07-13 07:15:00+02:00,0.000336494,0.336494
2023-07-13 07:30:00+02:00,0.000336494,0.336494
2023-07-13 07:45:00+02:00,0.000336494,0.336494
2023-07-13 08:00:00+02:00,0.000332499,0.332499
2023-07-13 08:15:00+02:00,0.000332499,0.332499
2023-07-13 08:30:00+02:00,0.000332499,0.332499
2023-07-13 08:45:00+02:00,0.000332499,0.332499
2023-07-13 09:00:00+02:00,0.000314223,0.314223
2023-07-13 09:15:00+02:00,0.000314223,0.314223
2023-07-13 09:30:00+02:00,0.000314223,0.314223
2023-07-13 09:45:00+02:00,0.000314223,0.314223
2023-07-13 10:00:00+02:00,0.000297513,0.297513
2023-07-13 10:15:00+02:00,0.000297513,0.297513
2023-07-13 10:30:00+02:00,0.000297513,0.297513
2023-07-13 10:45:00+02:00,0.000297513,0.297513
2023-07-13 11:00:00+02:00,0.000288707,0.288707
2023-07-13 11:15:00+02:00,0.000288707,0.288707
2023-07-13 11:30:00+02:00,0.000288707,0.288707
2023-07-13 11:45:00+02:00,0.000288707,0.288707
2023-07-13 12:00:00+02:00,0.000280139,0.280139
2023-07-13 12:15:00+02:00,0.000280139,0.280139
2023-07-13 12:30:00+02:00,0.000280139,0.280139
2023-07-13 12:45:00+02:00,0.000280139,0.280139
2023-07-13 13:00:00+02:00,0.000259445,0.259445
2023-07-13 13:15:00+02:00,0.000259445,0.259445
2023-07-13 13:30:00+02:00,0.000259445,0.259445
2023-07-13 13:45:00+02:00,0.000259445,0.259445
2023-07-13 14:00:00+02:00,0.000245967,0.245967
2023-07-13 14:15:00+02:00,0.000245967,0.245967
2023-07-13 14:30:00+02:00,0.000245967,0.245967
2023-07-13 14:45:00+02:00,0.000245967,0.245967
2023-07-13 15:00:00+02:00,0.000261136,0.261136
2023-07-13 15:15:00+02:00,0.000261136,0.261136
2023-07-13 15:30:00+02:00,0.000261136,0.261136
2023-07-13 15:45:00+02:00,0.000261136,0.261136
2023-07-13 16:00:00+02:00,0.000278886,0.278886
2023-07-13 16:15:00+02:00,0.000278886,0.278886
2023-07-13 16:30:00+02:00,0.000278886,0.278886
2023-07-13 16:45:00+02:00,0.000278886,0.278886
2023-07-13 17:00:00+02:00,0.000293003,0.293003
2023-07-13 17:15:00+02:00,0.000293003,0.293003
2023-07-13 17:30:00+02:00,0.000293003,0.293003
2023-07-13 17:45:00+02:00,0.000293003,0.293003
2023-07-13 18:00:00+02:00,0.000300682,0.300682
2023-07-13 18:15:00+02:00,0.000300682,0.300682
2023-07-13 18:30:00+02:00,0.000300682,0.300682
2023-07-13 18:45:00+02:00,0.000300682,0.300682
2023-07-13 19:00:00+02:00,0.000330319,0.330319
2023-07-13 19:15:00+02:00,0.000330319,0.330319
2023-07-13 19:30:00+02:00,0.000330319,0.330319
2023-07-13 19:45:00+02:00,0.000330319,0.330319
2023-07-13 20:00:00+02:00,0.000347229,0.347229
2023-07-13 20:15:00+02:00,0.000347229,0.347229
2023-07-13 20:30:00+02:00,0.000347229,0.347229
2023-07-13 20:45:00+02:00,0.000347229,0.347229
2023-07-13 21:00:00+02:00,0.000356035,0.356035
2023-07-13 21:15:00+02:00,0.000356035,0.356035
2023-07-13 21:30:00+02:00,0.000356035,0.356035
2023-07-13 21:45:00+02:00,0.000356035,0.356035
2023-07-13 22:00:00+02:00,0.000345739,0.345739
2023-07-13 22:15:00+02:00,0.000345739,0.345739
2023-07-13 22:30:00+02:00,0.000345739,0.345739
2023-07-13 22:45:00+02:00,0.000345739,0.345739
2023-07-13 23:00:00+02:00,0.00033077,0.33077
2023-07-13 23:15:00+02:00,0.00033077,0.33077
2023-07-13 23:30:00+02:00,0.00033077,0.33077
2023-07-13 23:45:00+02:00,0.00033077,0.33077
2023-07-14 00:00:00+02:00,0.000309826,0.309826
2023-07-14 00:15:00+02:00,0.000309826,0.309826
2023-07-14 00:30:00+02:00,0.000309826,0.309826
2023-07-14 00:45:00+02:00,0.000309826,0.309826
2023-07-14 01:00:00+02:00,0.000304014,0.304014
2023-07-14 01:15:00+02:00,0.000304014,0.304014
2023-07-14 01:30:00+02:00,0.000304014,0.304014
2023-07-14 01:45:00+02:00,0.000304014,0.304014
2023-07-14 02:00:00+02:00,0.000299692,0.299692
2023-07-14 02:15:00+02:00,0.000299692,0.299692
2023-07-14 02:30:00+02:00,0.000299692,0.299692
2023-07-14 02:45:00+02:00,0.000299692,0.299692
2023-07-14 03:00:00+02:00,0.00030107,0.30107
2023-07-14 03:15:00+02:00,0.00030107,0.30107
2023-07-14 03:30:00+02:00,0.00030107,0.30107
2023-07-14 03:45:00+02:00,0.00030107,0.30107
2023-07-14 04:00:00+02:00,0.000300243,0.300243
2023-07-14 04:15:00+02:00,0.000300243,0.300243
2023-07-14 04:30:00+02:00,0.000300243,0.300243
2023-07-14 04:45:00+02:00,0.000300243,0.300243
2023-07-14 05:00:00+02:00,0.000307759,0.307759
2023-07-14 05:15:00+02:00,0.000307759,0.307759
2023-07-14 05:30:00+02:00,0.000307759,0.307759
2023-07-14 05:45:00+02:00,0.000307759,0.307759
2023-07-14 06:00:00+02:00,0.00032611,0.32611
2023-07-14 06:15:00+02:00,0.00032611,0.32611
2023-07-14 06:30:00+02:00,0.00032611,0.32611
2023-07-14 06:45:00+02:00,0.00032611,0.32611
2023-07-14 07:00:00+02:00,0.00032611,0.32611
2023-07-14 07:15:00+02:00,0.00032611,0.32611
2023-07-14 07:30:00+02:00,0.00032611,0.32611
2023-07-14 07:45:00+02:00,0.00032611,0.32611
2023-07-14 08:00:00+02:00,0.000313283,0.313283
2023-07-14 08:15:00+02:00,0.000313283,0.313283
2023-07-14 08:30:00+02:00,0.000313283,0.313283
2023-07-14 08:45:00+02:00,0.000313283,0.313283
2023-07-14 09:00:00+02:00,0.000289871,0.289871
2023-07-14 09:15:00+02:00,0.000289871,0.289871
2023-07-14 09:30:00+02:00,0.000289871,0.289871
2023-07-14 09:45:00+02:00,0.000289871,0.289871
2023-07-14 10:00:00+02:00,0.000283157,0.283157
2023-07-14 10:15:00+02:00,0.000283157,0.283157
2023-07-14 10:30:00+02:00,0.000283157,0.283157
2023-07-14 10:45:00+02:00,0.000283157,0.283157
2023-07-14 11:00:00+02:00,0.000279187,0.279187
2023-07-14 11:15:00+02:00,0.000279187,0.279187
2023-07-14 11:30:00+02:00,0.000279187,0.279187
2023-07-14 11:45:00+02:00,0.000279187,0.279187
2023-07-14 12:00:00+02:00,0.000275942,0.275942
2023-07-14 12:15:00+02:00,0.000275942,0.275942
2023-07-14 12:30:00+02:00,0.000275942,0.275942
2023-07-14 12:45:00+02:00,0.000275942,0.275942
2023-07-14 13:00:00+02:00,0.000270982,0.270982
2023-07-14 13:15:00+02:00,0.000270982,0.270982
2023-07-14 13:30:00+02:00,0.000270982,0.270982
2023-07-14 13:45:00+02:00,0.000270982,0.270982
2023-07-14 14:00:00+02:00,0.00027742,0.27742
2023-07-14 14:15:00+02:00,0.00027742,0.27742
2023-07-14 14:30:00+02:00,0.00027742,0.27742
2023-07-14 14:45:00+02:00,0.00027742,0.27742
2023-07-14 15:00:00+02:00,0.000283583,0.283583
2023-07-14 15:15:00+02:00,0.000283583,0.283583
2023-07-14 15:30:00+02:00,0.000283583,0.283583
2023-07-14 15:45:00+02:00,0.000283583,0.283583
2023-07-14 16:00:00+02:00,0.000289909,0.289909
2023-07-14 16:15:00+02:00,0.000289909,0.289909
2023-07-14 16:30:00+02:00,0.000289909,0.289909
2023-07-14 16:45:00+02:00,0.000289909,0.289909
2023-07-14 17:00:00+02:00,0.000305392,0.305392
2023-07-14 17:15:00+02:00,0.000305392,0.305392
2023-07-14 17:30:00+02:00,0.000305392,0.305392
2023-07-14 17:45:00+02:00,0.000305392,0.305392
2023-07-14 18:00:00+02:00,0.000327676,0.327676
2023-07-14 18:15:00+02:00,0.000327676,0.327676
2023-07-14 18:30:00+02:00,0.000327676,0.327676
2023-07-14 18:45:00+02:00,0.000327676,0.327676
2023-07-14 19:00:00+02:00,0.000358917,0.358917
2023-07-14 19:15:00+02:00,0.000358917,0.358917
2023-07-14 19:30:00+02:00,0.000358917,0.358917
2023-07-14 19:45:00+02:00,0.000358917,0.358917
2023-07-14 20:00:00+02:00,0.000358578,0.358578
2023-07-14 20:15:00+02:00,0.000358578,0.358578
2023-07-14 20:30:00+02:00,0.000358578,0.358578
2023-07-14 20:45:00+02:00,0.000358578,0.358578
2023-07-14 21:00:00+02:00,0.000338536,0.338536
2023-07-14 21:15:00+02:00,0.000338536,0.338536
2023-07-14 21:30:00+02:00,0.000338536,0.338536
2023-07-14 21:45:00+02:00,0.000338536,0.338536
2023-07-14 22:00:00+02:00,0.000302623,0.302623
2023-07-14 22:15:00+02:00,0.000302623,0.302623
2023-07-14 22:30:00+02:00,0.000302623,0.302623
2023-07-14 22:45:00+02:00,0.000302623,0.302623
2023-07-14 23:00:00+02:00,0.000284698,0.284698
2023-07-14 23:15:00+02:00,0.000284698,0.284698
2023-07-14 23:30:00+02:00,0.000284698,0.284698
2023-07-14 23:45:00+02:00,0.000284698,0.284698
2023-07-15 00:00:00+02:00,0.00027385,0.27385
2023-07-15 00:15:00+02:00,0.00027385,0.27385
2023-07-15 00:30:00+02:00,0.00027385,0.27385
2023-07-15 00:45:00+02:00,0.00027385,0.27385
2023-07-15 01:00:00+02:00,0.000250276,0.250276
2023-07-15 01:15:00+02:00,0.000250276,0.250276
2023-07-15 01:30:00+02:00,0.000250276,0.250276
2023-07-15 01:45:00+02:00,0.000250276,0.250276
2023-07-15 02:00:00+02:00,0.000219824,0.219824
2023-07-15 02:15:00+02:00,0.000219824,0.219824
2023-07-15 02:30:00+02:00,0.000219824,0.219824
2023-07-15 02:45:00+02:00,0.000219824,0.219824
2023-07-15 03:00:00+02:00,0.0002083,0.2083
2023-07-15 03:15:00+02:00,0.0002083,0.2083
2023-07-15 03:30:00+02:00,0.0002083,0.2083
2023-07-15 03:45:00+02:00,0.0002083,0.2083
2023-07-15 04:00:00+02:00,0.00020458,0.20458
2023-07-15 04:15:00+02:00,0.00020458,0.20458
2023-07-15 04:30:00+02:00,0.00020458,0.20458
2023-07-15 04:45:00+02:00,0.00020458,0.20458
2023-07-15 05:00:00+02:00,0.000200459,0.200459
2023-07-15 05:15:00+02:00,0.000200459,0.200459
2023-07-15 05:30:00+02:00,0.000200459,0.200459
2023-07-15 05:45:00+02:00,0.000200459,0.200459
2023-07-15 06:00:00+02:00,0.000208237,0.208237
2023-07-15 06:15:00+02:00,0.000208237,0.208237
2023-07-15 06:30:00+02:00,0.000208237,0.208237
2023-07-15 06:45:00+02:00,0.000208237,0.208237
2023-07-15 07:00:00+02:00,0.00021162,0.21162
2023-07-15 07:15:00+02:00,0.00021162,0.21162
2023-07-15 07:30:00+02:00,0.00021162,0.21162
2023-07-15 07:45:00+02:00,0.00021162,0.21162
2023-07-15 08:00:00+02:00,0.000220826,0.220826
2023-07-15 08:15:00+02:00,0.000220826,0.220826
2023-07-15 08:30:00+02:00,0.000220826,0.220826
2023-07-15 08:45:00+02:00,0.000220826,0.220826
2023-07-15 09:00:00+02:00,0.000205118,0.205118
2023-07-15 09:15:00+02:00,0.000205118,0.205118
2023-07-15 09:30:00+02:00,0.000205118,0.205118
2023-07-15 09:45:00+02:00,0.000205118,0.205118
2023-07-15 10:00:00+02:00,0.000189072,0.189072
2023-07-15 10:15:00+02:00,0.000189072,0.189072
2023-07-15 10:30:00+02:00,0.000189072,0.189072
2023-07-15 10:45:00+02:00,0.000189072,0.189072
2023-07-15 11:00:00+02:00,0.00018331,0.18331
2023-07-15 11:15:00+02:00,0.00018331,0.18331
2023-07-15 11:30:00+02:00,0.00018331,0.18331
2023-07-15 11:45:00+02:00,0.00018331,0.18331
2023-07-15 12:00:00+02:00,0.000183285,0.183285
2023-07-15 12:15:00+02:00,0.000183285,0.183285
2023-07-15 12:30:00+02:00,0.000183285,0.183285
2023-07-15 12:45:00+02:00,0.000183285,0.183285
2023-07-15 13:00:00+02:00,0.000183147,0.183147
2023-07-15 13:15:00+02:00,0.000183147,0.183147
2023-07-15 13:30:00+02:00,0.000183147,0.183147
2023-07-15 13:45:00+02:00,0.000183147,0.183147
2023-07-15 14:00:00+02:00,0.00018202,0.18202
2023-07-15 14:15:00+02:00,0.00018202,0.18202
2023-07-15 14:30:00+02:00,0.00018202,0.18202
2023-07-15 14:45:00+02:00,0.00018202,0.18202
2023-07-15 15:00:00+02:00,0.000183185,0.183185
2023-07-15 15:15:00+02:00,0.000183185,0.183185
2023-07-15 15:30:00+02:00,0.000183185,0.183185
2023-07-15 15:45:00+02:00,0.000183185,0.183185
2023-07-15 16:00:00+02:00,0.000183335,0.183335
2023-07-15 16:15:00+02:00,0.000183335,0.183335
2023-07-15 16:30:00+02:00,0.000183335,0.183335
2023-07-15 16:45:00+02:00,0.000183335,0.183335
2023-07-15 17:00:00+02:00,0.000202776,0.202776
2023-07-15 17:15:00+02:00,0.000202776,0.202776
2023-07-15 17:30:00+02:00,0.000202776,0.202776
2023-07-15 17:45:00+02:00,0.000202776,0.202776
2023-07-15 18:00:00+02:00,0.000276644,0.276644
2023-07-15 18:15:00+02:00,0.000276644,0.276644
2023-07-15 18:30:00+02:00,0.000276644,0.276644
2023-07-15 18:45:00+02:00,0.000276644,0.276644
2023-07-15 19:00:00+02:00,0.000288757,0.288757
2023-07-15 19:15:00+02:00,0.000288757,0.288757
2023-07-15 19:30:00+02:00,0.000288757,0.288757
2023-07-15 19:45:00+02:00,0.000288757,0.288757
2023-07-15 20:00:00+02:00,0.000293993,0.293993
2023-07-15 20:15:00+02:00,0.000293993,0.293993
2023-07-15 20:30:00+02:00,0.000293993,0.293993
2023-07-15 20:45:00+02:00,0.000293993,0.293993
2023-07-15 21:00:00+02:00,0.000288068,0.288068
2023-07-15 21:15:00+02:00,0.000288068,0.288068
2023-07-15 21:30:00+02:00,0.000288068,0.288068
2023-07-15 21:45:00+02:00,0.000288068,0.288068
2023-07-15 22:00:00+02:00,0.000287304,0.287304
2023-07-15 22:15:00+02:00,0.000287304,0.287304
2023-07-15 22:30:00+02:00,0.000287304,0.287304
2023-07-15 22:45:00+02:00,0.000287304,0.287304
2023-07-15 23:00:00+02:00,0.000273274,0.273274
2023-07-15 23:15:00+02:00,0.000273274,0.273274
2023-07-15 23:30:00+02:00,0.000273274,0.273274
2023-07-15 23:45:00+02:00,0.000273274,0.273274
2023-07-16 00:00:00+02:00,0.000254635,0.254635
2023-07-16 00:15:00+02:00,0.000254635,0.254635
2023-07-16 00:30:00+02:00,0.000254635,0.254635
2023-07-16 00:45:00+02:00,0.000254635,0.254635
2023-07-16 01:00:00+02:00,0.000207987,0.207987
2023-07-16 01:15:00+02:00,0.000207987,0.207987
2023-07-16 01:30:00+02:00,0.000207987,0.207987
2023-07-16 01:45:00+02:00,0.000207987,0.207987
2023-07-16 02:00:00+02:00,0.000186667,0.186667
2023-07-16 02:15:00+02:00,0.000186667,0.186667
2023-07-16 02:30:00+02:00,0.000186667,0.186667
2023-07-16 02:45:00+02:00,0.000186667,0.186667
2023-07-16 03:00:00+02:00,0.000183398,0.183398
2023-07-16 03:15:00+02:00,0.000183398,0.183398
2023-07-16 03:30:00+02:00,0.000183398,0.183398
2023-07-16 03:45:00+02:00,0.000183398,0.183398
2023-07-16 04:00:00+02:00,0.00018331,0.18331
2023-07-16 04:15:00+02:00,0.00018331,0.18331
2023-07-16 04:30:00+02:00,0.00018331,0.18331
2023-07-16 04:45:00+02:00,0.00018331,0.18331
2023-07-16 05:00:00+02:00,0.000182784,0.182784
2023-07-16 05:15:00+02:00,0.000182784,0.182784
2023-07-16 05:30:00+02:00,0.000182784,0.182784
2023-07-16 05:45:00+02:00,0.000182784,0.182784
2023-07-16 06:00:00+02:00,0.000180717,0.180717
2023-07-16 06:15:00+02:00,0.000180717,0.180717
2023-07-16 06:30:00+02:00,0.000180717,0.180717
2023-07-16 06:45:00+02:00,0.000180717,0.180717
2023-07-16 07:00:00+02:00,0.000181932,0.181932
2023-07-16 07:15:00+02:00,0.000181932,0.181932
2023-07-16 07:30:00+02:00,0.000181932,0.181932
2023-07-16 07:45:00+02:00,0.000181932,0.181932
2023-07-16 08:00:00+02:00,0.000180692,0.180692
2023-07-16 08:15:00+02:00,0.000180692,0.180692
2023-07-16 08:30:00+02:00,0.000180692,0.180692
2023-07-16 08:45:00+02:00,0.000180692,0.180692
2023-07-16 09:00:00+02:00,0.000170884,0.170884
2023-07-16 09:15:00+02:00,0.000170884,0.170884
2023-07-16 09:30:00+02:00,0.000170884,0.170884
2023-07-16 09:45:00+02:00,0.000170884,0.170884
2023-07-16 10:00:00+02:00,0.000159084,0.159084
2023-07-16 10:15:00+02:00,0.000159084,0.159084
2023-07-16 10:30:00+02:00,0.000159084,0.159084
2023-07-16 10:45:00+02:00,0.000159084,0.159084
2023-07-16 11:00:00+02:00,0.000152245,0.152245
2023-07-16 11:15:00+02:00,0.000152245,0.152245
2023-07-16 11:30:00+02:00,0.000152245,0.152245
2023-07-16 11:45:00+02:00,0.000152245,0.152245
2023-07-16 12:00:00+02:00,0.000135222,0.135222
2023-07-16 12:15:00+02:00,0.000135222,0.135222
2023-07-16 12:30:00+02:00,0.000135222,0.135222
2023-07-16 12:45:00+02:00,0.000135222,0.135222
2023-07-16 13:00:00+02:00,0.000120566,0.120566
2023-07-16 13:15:00+02:00,0.000120566,0.120566
2023-07-16 13:30:00+02:00,0.000120566,0.120566
2023-07-16 13:45:00+02:00,0.000120566,0.120566
2023-07-16 14:00:00+02:00,0.000108102,0.108102
2023-07-16 14:15:00+02:00,0.000108102,0.108102
2023-07-16 14:30:00+02:00,0.000108102,0.108102
2023-07-16 14:45:00+02:00,0.000108102,0.108102
2023-07-16 15:00:00+02:00,0.000122795,0.122795
2023-07-16 15:15:00+02:00,0.000122795,0.122795
2023-07-16 15:30:00+02:00,0.000122795,0.122795
2023-07-16 15:45:00+02:00,0.000122795,0.122795
2023-07-16 16:00:00+02:00,0.000150028,0.150028
2023-07-16 16:15:00+02:00,0.000150028,0.150028
2023-07-16 16:30:00+02:00,0.000150028,0.150028
2023-07-16 16:45:00+02:00,0.000150028,0.150028
2023-07-16 17:00:00+02:00,0.000177034,0.177034
2023-07-16 17:15:00+02:00,0.000177034,0.177034
2023-07-16 17:30:00+02:00,0.000177034,0.177034
2023-07-16 17:45:00+02:00,0.000177034,0.177034
2023-07-16 18:00:00+02:00,0.000221653,0.221653
2023-07-16 18:15:00+02:00,0.000221653,0.221653
2023-07-16 18:30:00+02:00,0.000221653,0.221653
2023-07-16 18:45:00+02:00,0.000221653,0.221653
2023-07-16 19:00:00+02:00,0.000299191,0.299191
2023-07-16 19:15:00+02:00,0.000299191,0.299191
2023-07-16 19:30:00+02:00,0.000299191,0.299191
2023-07-16 19:45:00+02:00,0.000299191,0.299191
2023-07-16 20:00:00+02:00,0.000309525,0.309525
2023-07-16 20:15:00+02:00,0.000309525,0.309525
2023-07-16 20:30:00+02:00,0.000309525,0.309525
2023-07-16 20:45:00+02:00,0.000309525,0.309525
2023-07-16 21:00:00+02:00,0.00032011,0.32011
2023-07-16 21:15:00+02:00,0.00032011,0.32011
2023-07-16 21:30:00+02:00,0.00032011,0.32011
2023-07-16 21:45:00+02:00,0.00032011,0.32011
2023-07-16 22:00:00+02:00,0.000326586,0.326586
2023-07-16 22:15:00+02:00,0.000326586,0.326586
2023-07-16 22:30:00+02:00,0.000326586,0.326586
2023-07-16 22:45:00+02:00,0.000326586,0.326586
2023-07-16 23:00:00+02:00,0.0003211,0.3211
2023-07-16 23:15:00+02:00,0.0003211,0.3211
2023-07-16 23:30:00+02:00,0.0003211,0.3211
2023-07-16 23:45:00+02:00,0.0003211,0.3211
2023-07-17 00:00:00+02:00,0.000320173,0.320173
